id,area,bbox_x0,bbox_y0,bbox_w,bbox_h,point_input_x,point_input_y,predicted_iou,stability_score,crop_box_x0,crop_box_y0,crop_box_w,crop_box_h
0,622084,0,0,2999,282,515.625,62.5,1.017406702041626,0.9864112138748169,0,0,3000,4000
1,661709,875,3116,932,883,1546.875,3562.5,0.9925893545150757,0.9602962732315063,0,0,3000,4000
2,56376,608,1385,395,289,890.625,1437.5,0.9872987270355225,0.9808388352394104,0,0,3000,4000
3,16821,371,1630,96,213,421.875,1687.5,0.9871159791946411,0.9802318215370178,0,0,3000,4000
4,222065,2534,2779,465,1220,2578.125,3812.5,0.981818437576294,0.9788148999214172,0,0,3000,4000
5,46601,1629,1184,334,231,1828.125,1312.5,0.9779938459396362,0.9819643497467041,0,0,3000,4000
6,18431,1055,1159,165,182,1171.875,1187.5,0.9768133163452148,0.9842748641967773,0,0,3000,4000
7,70091,2634,257,365,477,2859.375,312.5,0.9766468405723572,0.95977783203125,0,0,3000,4000
8,101323,0,1790,450,259,46.875,1812.5,0.9683595895767212,0.981886625289917,0,0,3000,4000
9,43852,909,1622,282,321,1078.125,1687.5,0.9682930707931519,0.979169487953186,0,0,3000,4000
10,43253,2634,256,307,186,2859.375,312.5,0.9656521081924438,0.9813814163208008,0,0,3000,4000
11,34501,754,566,362,185,1078.125,687.5,0.964824914932251,0.9672130942344666,0,0,3000,4000
12,132994,736,86,442,568,984.375,562.5,0.9647068977355957,0.9725059270858765,0,0,3000,4000
13,187589,0,2919,259,870,46.875,3312.5,0.963864803314209,0.982666015625,0,0,3000,4000
14,197965,1969,734,1030,343,2484.375,937.5,0.963347315788269,0.9740297198295593,0,0,3000,4000
15,101459,512,2580,326,515,703.125,3062.5,0.9603220224380493,0.9748290181159973,0,0,3000,4000
16,198148,1604,735,1395,416,2859.375,937.5,0.9573612213134766,0.9675822854042053,0,0,3000,4000
17,60797,2127,3448,418,551,2484.375,3937.5,0.9554017782211304,0.9573075175285339,0,0,3000,4000
18,23570,1805,2022,153,188,1921.875,2062.5,0.9512052536010742,0.9748669862747192,0,0,3000,4000
19,95001,0,3614,357,385,234.375,3812.5,0.9510324597358704,0.9778922200202942,0,0,3000,4000
20,44054,909,1622,307,449,1171.875,1687.5,0.9484978914260864,0.9776710867881775,0,0,3000,4000
21,249367,0,270,403,694,328.125,812.5,0.9483444690704346,0.9813795685768127,0,0,3000,4000
22,17379,1432,2644,137,181,1546.875,2687.5,0.9482810497283936,0.9779675602912903,0,0,3000,4000
23,108612,2044,2677,282,558,2109.375,3187.5,0.9475256204605103,0.9750802516937256,0,0,3000,4000
24,99746,512,2580,323,837,703.125,2687.5,0.9471573829650879,0.9509534239768982,0,0,3000,4000
25,24835,1147,462,123,296,1171.875,562.5,0.946853756904602,0.9691673517227173,0,0,3000,4000
26,72418,627,799,494,255,984.375,937.5,0.9466747045516968,0.952146589756012,0,0,3000,4000
27,76628,389,2201,435,291,703.125,2312.5,0.9466358423233032,0.9506539702415466,0,0,3000,4000
28,59050,599,1384,740,298,984.375,1437.5,0.9464004039764404,0.9570631384849548,0,0,3000,4000
29,282295,1770,2695,1229,1304,2765.625,3687.5,0.9458709359169006,0.957677960395813,0,0,3000,4000
30,25843,1940,1078,134,213,2015.625,1187.5,0.9451268911361694,0.9783391952514648,0,0,3000,4000
31,373522,1877,299,1122,594,2390.625,562.5,0.9445762634277344,0.9503822922706604,0,0,3000,4000
32,100603,1362,451,447,541,1453.125,687.5,0.9436061382293701,0.9561420679092407,0,0,3000,4000
33,188379,197,2940,302,1059,421.875,3312.5,0.9428759813308716,0.9604353904724121,0,0,3000,4000
34,279453,2179,2776,820,1223,2765.625,3437.5,0.9423994421958923,0.9686828851699829,0,0,3000,4000
35,21632,1220,2113,208,148,1359.375,2187.5,0.9392187595367432,0.9757099747657776,0,0,3000,4000
36,18769,1337,399,187,177,1453.125,437.5,0.9377082586288452,0.9632514119148254,0,0,3000,4000
37,28950,808,2295,254,151,890.625,2312.5,0.9366044402122498,0.965648353099823,0,0,3000,4000
38,23954,7,2306,320,102,46.875,2312.5,0.934826135635376,0.9676188230514526,0,0,3000,4000
39,23976,126,2168,176,162,234.375,2312.5,0.9326690435409546,0.9679126739501953,0,0,3000,4000
40,12613,153,884,182,79,328.125,937.5,0.9270888566970825,0.9619662165641785,0,0,3000,4000
41,16754,1405,2406,201,109,1546.875,2437.5,0.9257935285568237,0.9692054390907288,0,0,3000,4000
42,249274,0,270,403,1212,140.625,687.5,0.9243835210800171,0.9737197756767273,0,0,3000,4000
43,49820,1495,1340,1083,499,2015.625,1562.5,0.9234629273414612,0.957483172416687,0,0,3000,4000
44,23344,1075,1886,391,195,1265.625,1937.5,0.9232134819030762,0.9693326354026794,0,0,3000,4000
45,10313,1781,1145,163,88,1921.875,1187.5,0.9224808216094971,0.9669082760810852,0,0,3000,4000
46,266546,0,2384,554,572,421.875,2937.5,0.9220598936080933,0.972327709197998,0,0,3000,4000
47,25769,467,3691,408,286,515.625,3812.5,0.9220559597015381,0.967325747013092,0,0,3000,4000
48,8991,0,3524,221,75,46.875,3562.5,0.9217535257339478,0.9750576615333557,0,0,3000,4000
49,15442,555,2398,192,97,703.125,2437.5,0.9207315444946289,0.9559911489486694,0,0,3000,4000
50,459509,0,272,402,1786,46.875,687.5,0.9173672199249268,0.9514271020889282,0,0,3000,4000
51,6930,1256,3462,72,118,1265.625,3562.5,0.9153561592102051,0.9773439764976501,0,0,3000,4000
52,30940,749,3093,262,153,796.875,3187.5,0.9149246215820312,0.971560537815094,0,0,3000,4000
53,8985,2807,3400,192,115,2859.375,3437.5,0.9137667417526245,0.9660645723342896,0,0,3000,4000
54,268276,0,2384,1052,570,421.875,2562.5,0.9069567918777466,0.9678235650062561,0,0,3000,4000
55,8763,1727,2377,80,132,1734.375,2437.5,0.9035409688949585,0.9675499796867371,0,0,3000,4000
56,3498,1059,3442,39,114,1078.125,3437.5,0.9003173112869263,0.9770863056182861,0,0,3000,4000
57,11871,2680,2066,319,125,2953.125,2187.5,0.8982099294662476,0.9657942652702332,0,0,3000,4000
58,109706,0,1155,310,640,140.625,1187.5,0.8954422473907471,0.9632596373558044,0,0,3000,4000
59,13520,289,2222,157,125,328.125,2312.5,0.895282506942749,0.9701948165893555,0,0,3000,4000
60,34090,1367,286,321,229,1640.625,437.5,0.8906693458557129,0.9606788158416748,0,0,3000,4000
61,16368,1262,460,107,237,1265.625,562.5,0.8906598091125488,0.961142361164093,0,0,3000,4000
62,28692,2899,302,100,433,2953.125,562.5,0.8898717761039734,0.9761322736740112,0,0,3000,4000
63,24887,1219,2110,322,152,1359.375,2187.5,0.887856662273407,0.9577680826187134,0,0,3000,4000
64,8120,2171,2530,134,89,2203.125,2562.5,0.8877419233322144,0.9650332927703857,0,0,3000,4000
65,19784,262,3388,97,250,328.125,3562.5,0.886655867099762,0.9542984366416931,0,0,3000,4000
66,93284,388,2201,444,667,609.375,2312.5,0.8848709464073181,0.9599521160125732,0,0,3000,4000
67,60665,0,2152,440,203,140.625,2187.5,0.8827801942825317,0.9626514315605164,0,0,3000,4000
68,14997,2304,3122,323,216,2578.125,3312.5,0.8823277950286865,0.9549631476402283,0,0,3000,4000
69,168611,737,91,1043,661,984.375,687.5,0.8818876147270203,0.9598020911216736,0,0,3000,4000
70,5920,1426,3484,80,118,1453.125,3562.5,0.8804118633270264,0.9650024771690369,0,0,3000,4000